nam,tinh_thanh,mua_vu,dien_tich,san_luong,tổng số giờ nắng,tổng lượng mưa,độ ẩm trung bình,nhiệt độ trung bình
1995,An Giang,dong_xuan,178.0,1088.9,1631.8,113.7,72.17,26.72
1995,An Giang,he_thu-thu_dong,185.0,770.0,1986.96,1469.0,80.89,27.61
1995,Bạc Liêu,dong_xuan,,,1648.44,154.3,75.81,26.39
1995,Bạc Liêu,he_thu-thu_dong,18.5,62.3,2138.39,1612.8,82.46,27.32
1995,Bến Tre,dong_xuan,22.1,91.1,1659.4,101.5,76.75,26.25
1995,Bến Tre,he_thu-thu_dong,21.0,77.0,2115.12,1745.9,84.89,27.14
1995,Cà Mau,dong_xuan,,,1649.82,211.6,74.99,26.52
1995,Cà Mau,he_thu-thu_dong,17.5,87.4,2062.94,2056.4,83.51,27.18
1995,Cần Thơ,dong_xuan,165.6,865.3,1640.31,110.0,75.22,26.36
1995,Cần Thơ,he_thu-thu_dong,230.0,824.1,2001.54,1454.0,83.24,27.2
1995,Hậu Giang,dong_xuan,,,1624.99,113.3,73.77,26.44
1995,Hậu Giang,he_thu-thu_dong,,,1973.57,1586.8,83.02,27.15
1995,Kiên Giang,dong_xuan,107.0,568.6,1638.27,120.9,72.78,26.67
1995,Kiên Giang,he_thu-thu_dong,170.0,629.1,2011.04,1522.7,81.67,27.51
1995,Long An,dong_xuan,156.0,589.5,1659.0,112.4,73.87,26.51
1995,Long An,he_thu-thu_dong,120.0,350.0,2102.33,1605.2,83.61,27.19
1995,Sóc Trăng,dong_xuan,45.0,216.3,1652.56,137.5,76.55,26.21
1995,Sóc Trăng,he_thu-thu_dong,98.0,445.4,2093.03,1480.1,83.84,27.16
1995,Tiền Giang,dong_xuan,79.3,435.8,1648.38,111.9,75.27,26.33
1995,Tiền Giang,he_thu-thu_dong,178.6,714.0,2046.15,1666.2,84.38,27.1
1995,Trà Vinh,dong_xuan,35.0,169.6,1651.43,108.8,76.48,26.2
1995,Trà Vinh,he_thu-thu_dong,50.0,220.5,2075.49,1660.2,84.34,27.14
1995,Vĩnh Long,dong_xuan,72.7,379.9,1638.91,102.9,75.11,26.48
1995,Vĩnh Long,he_thu-thu_dong,124.0,446.7,2005.09,1554.2,83.85,27.24
1995,Đồng Tháp,dong_xuan,175.0,943.5,1647.75,104.5,71.76,26.8
1995,Đồng Tháp,he_thu-thu_dong,185.0,669.9,2055.44,1545.3,81.04,27.6
1996,An Giang,dong_xuan,188.2,1132.5,1557.29,224.0,73.02,26.2
1996,An Giang,he_thu-thu_dong,206.7,795.7,1941.36,1670.5,84.54,26.97
1996,Bạc Liêu,dong_xuan,1.1,3.0,1561.93,322.0,78.4,25.56
1996,Bạc Liêu,he_thu-thu_dong,29.3,85.9,2121.24,1755.4,83.88,26.99
1996,Bến Tre,dong_xuan,21.8,95.1,1586.13,254.0,79.65,25.5
1996,Bến Tre,he_thu-thu_dong,25.9,95.5,2115.94,1785.2,86.97,26.75
1996,Cà Mau,dong_xuan,0.4,1.6,1572.7,418.8,77.17,25.78
1996,Cà Mau,he_thu-thu_dong,34.6,116.1,2011.26,2084.2,85.01,26.84
1996,Cần Thơ,dong_xuan,163.6,924.3,1558.38,265.3,78.38,25.54
1996,Cần Thơ,he_thu-thu_dong,233.8,855.6,1956.96,1652.6,86.2,26.66
1996,Hậu Giang,dong_xuan,,,1546.23,304.8,77.33,25.57
1996,Hậu Giang,he_thu-thu_dong,,,1919.46,1830.6,85.96,26.6
1996,Kiên Giang,dong_xuan,144.2,785.5,1590.16,253.0,75.33,25.97
1996,Kiên Giang,he_thu-thu_dong,211.7,620.0,1974.77,1717.3,84.88,26.94
1996,Long An,dong_xuan,181.6,735.7,1592.21,251.0,77.08,25.67
1996,Long An,he_thu-thu_dong,146.5,363.5,2078.48,1629.6,86.18,26.73
1996,Sóc Trăng,dong_xuan,61.4,264.3,1548.63,263.1,79.69,25.38
1996,Sóc Trăng,he_thu-thu_dong,148.8,501.6,2087.21,1682.9,85.96,26.75
1996,Tiền Giang,dong_xuan,87.7,468.0,1568.75,248.0,78.33,25.54
1996,Tiền Giang,he_thu-thu_dong,183.6,741.1,2008.89,1719.1,86.71,26.68
1996,Trà Vinh,dong_xuan,39.1,180.6,1562.94,269.9,79.51,25.43
1996,Trà Vinh,he_thu-thu_dong,66.3,231.2,2058.02,1946.8,86.41,26.74
1996,Vĩnh Long,dong_xuan,73.8,410.6,1560.34,226.8,77.6,25.73
1996,Vĩnh Long,he_thu-thu_dong,131.3,457.6,1941.02,1666.6,86.68,26.72
1996,Đồng Tháp,dong_xuan,189.3,983.9,1581.51,225.8,73.0,26.2
1996,Đồng Tháp,he_thu-thu_dong,201.0,734.4,1984.33,1682.3,84.41,27.0
1997,An Giang,dong_xuan,209.8,1307.6,1518.13,527.5,77.72,25.81
1997,An Giang,he_thu-thu_dong,190.0,649.8,2033.86,1324.2,82.32,27.26
1997,Bạc Liêu,dong_xuan,7.1,16.3,1506.88,641.3,79.9,25.69
1997,Bạc Liêu,he_thu-thu_dong,30.3,121.6,2195.71,1365.0,82.68,27.19
1997,Bến Tre,dong_xuan,23.6,103.5,1584.93,473.3,81.74,25.53
1997,Bến Tre,he_thu-thu_dong,23.3,81.8,2186.01,1439.6,85.05,26.99
1997,Cà Mau,dong_xuan,2.2,8.8,1487.78,606.7,79.67,25.71
1997,Cà Mau,he_thu-thu_dong,40.4,149.7,2127.54,1717.7,83.96,26.99
1997,Cần Thơ,dong_xuan,167.2,949.1,1525.24,534.7,80.53,25.52
1997,Cần Thơ,he_thu-thu_dong,214.0,741.3,2059.49,1416.2,84.2,26.92
1997,Hậu Giang,dong_xuan,,,1493.07,555.0,79.53,25.51
1997,Hậu Giang,he_thu-thu_dong,,,2019.05,1496.9,84.26,26.85
1997,Kiên Giang,dong_xuan,155.4,842.1,1529.2,491.1,77.86,25.84
1997,Kiên Giang,he_thu-thu_dong,188.8,617.2,2052.04,1478.0,83.27,27.18
1997,Long An,dong_xuan,205.9,866.0,1587.23,462.2,79.35,25.65
1997,Long An,he_thu-thu_dong,130.6,304.4,2160.44,1398.1,83.83,27.03
1997,Sóc Trăng,dong_xuan,69.3,295.4,1520.7,569.4,81.47,25.47
1997,Sóc Trăng,he_thu-thu_dong,140.3,516.6,2148.98,1351.7,84.39,26.97
1997,Tiền Giang,dong_xuan,96.1,539.7,1559.25,478.6,80.57,25.52
1997,Tiền Giang,he_thu-thu_dong,185.0,757.1,2117.28,1396.8,84.54,26.95
1997,Trà Vinh,dong_xuan,46.0,217.7,1558.1,553.7,81.42,25.49
1997,Trà Vinh,he_thu-thu_dong,73.4,249.8,2154.12,1598.1,84.67,26.97
1997,Vĩnh Long,dong_xuan,74.8,422.3,1537.48,481.0,80.19,25.65
1997,Vĩnh Long,he_thu-thu_dong,118.8,433.2,2068.75,1363.9,84.35,27.03
1997,Đồng Tháp,dong_xuan,196.6,1121.3,1547.39,527.6,77.17,25.89
1997,Đồng Tháp,he_thu-thu_dong,175.3,627.6,2105.09,1336.9,81.99,27.32
1998,An Giang,dong_xuan,212.5,1308.7,1676.28,94.4,70.06,27.88
1998,An Giang,he_thu-thu_dong,200.0,710.5,1962.34,1464.1,81.61,27.85
1998,Bạc Liêu,dong_xuan,20.6,51.2,1695.78,148.8,74.58,27.49
1998,Bạc Liêu,he_thu-thu_dong,53.2,221.2,2058.35,1680.2,81.82,27.75
1998,Bến Tre,dong_xuan,23.6,101.5,1699.25,89.8,75.17,27.25
1998,Bến Tre,he_thu-thu_dong,26.5,98.2,2141.01,1746.7,85.06,27.49
1998,Cà Mau,dong_xuan,9.0,11.9,1686.6,181.9,73.39,27.66
1998,Cà Mau,he_thu-thu_dong,55.0,199.5,1989.91,2124.6,82.74,27.65
1998,Cần Thơ,dong_xuan,167.4,973.3,1690.16,98.8,73.41,27.42
1998,Cần Thơ,he_thu-thu_dong,257.8,898.8,1977.7,1560.4,83.75,27.48
1998,Hậu Giang,dong_xuan,,,1690.03,118.9,71.87,27.58
1998,Hậu Giang,he_thu-thu_dong,,,1934.8,1731.3,83.41,27.46
1998,Kiên Giang,dong_xuan,160.1,858.0,1685.18,100.8,70.36,27.89
1998,Kiên Giang,he_thu-thu_dong,249.0,813.9,1968.67,1626.7,82.39,27.76
1998,Long An,dong_xuan,218.3,953.2,1701.16,83.5,71.71,27.53
1998,Long An,he_thu-thu_dong,149.5,366.3,2137.13,1607.6,84.0,27.5
1998,Sóc Trăng,dong_xuan,119.7,541.1,1699.62,127.6,75.58,27.27
1998,Sóc Trăng,he_thu-thu_dong,150.3,629.0,2053.6,1660.5,83.83,27.53
1998,Tiền Giang,dong_xuan,95.2,512.2,1690.69,92.3,73.27,27.34
1998,Tiền Giang,he_thu-thu_dong,180.1,789.1,2059.77,1735.5,84.69,27.42
1998,Trà Vinh,dong_xuan,48.5,236.1,1699.83,98.3,75.42,27.23
1998,Trà Vinh,he_thu-thu_dong,80.0,261.4,2075.19,1829.8,84.35,27.5
1998,Vĩnh Long,dong_xuan,75.9,449.0,1682.3,105.2,73.1,27.5
1998,Vĩnh Long,he_thu-thu_dong,150.2,509.8,2006.33,1665.7,84.4,27.52
1998,Đồng Tháp,dong_xuan,198.2,1151.8,1680.06,94.7,69.77,27.92
1998,Đồng Tháp,he_thu-thu_dong,224.4,778.2,2056.71,1577.6,81.67,27.86
1999,An Giang,dong_xuan,216.6,1258.8,1463.55,537.3,79.92,25.93
1999,An Giang,he_thu-thu_dong,231.5,814.5,1929.94,1626.6,85.67,26.51
1999,Bạc Liêu,dong_xuan,28.7,126.6,1508.97,647.6,79.93,26.14
1999,Bạc Liêu,he_thu-thu_dong,70.8,285.8,2127.97,1920.1,84.54,26.59
1999,Bến Tre,dong_xuan,23.7,90.9,1529.23,476.0,82.25,25.94
1999,Bến Tre,he_thu-thu_dong,28.4,100.6,2134.52,1886.1,87.71,26.33
1999,Cà Mau,dong_xuan,21.9,87.0,1492.58,757.1,80.75,26.0
1999,Cà Mau,he_thu-thu_dong,61.6,237.6,2020.65,2243.6,86.08,26.37
1999,Cần Thơ,dong_xuan,175.2,961.6,1475.91,577.5,82.24,25.76
1999,Cần Thơ,he_thu-thu_dong,291.4,1018.0,1966.05,1676.7,87.24,26.21
1999,Hậu Giang,dong_xuan,,,1451.53,622.2,81.41,25.7
1999,Hậu Giang,he_thu-thu_dong,,,1926.33,2027.2,87.05,26.14
1999,Kiên Giang,dong_xuan,182.7,882.7,1477.42,545.1,79.88,26.0
1999,Kiên Giang,he_thu-thu_dong,255.7,909.0,1941.15,1858.6,85.49,26.53
1999,Long An,dong_xuan,234.6,956.0,1522.98,469.2,80.74,25.95
1999,Long An,he_thu-thu_dong,174.2,516.3,2089.17,1736.1,86.85,26.31
1999,Sóc Trăng,dong_xuan,137.2,621.7,1499.13,531.4,81.93,25.87
1999,Sóc Trăng,he_thu-thu_dong,168.3,700.2,2075.71,1747.7,86.76,26.31
1999,Tiền Giang,dong_xuan,95.9,488.4,1513.91,512.0,81.59,25.88
1999,Tiền Giang,he_thu-thu_dong,187.2,804.7,2041.53,1821.2,87.37,26.26
1999,Trà Vinh,dong_xuan,53.2,219.0,1513.93,515.0,81.95,25.9
1999,Trà Vinh,he_thu-thu_dong,84.6,338.2,2083.19,2009.4,87.34,26.3
1999,Vĩnh Long,dong_xuan,76.2,417.1,1491.86,467.4,81.76,25.89
1999,Vĩnh Long,he_thu-thu_dong,145.9,540.4,1977.65,1739.1,87.56,26.29
1999,Đồng Tháp,dong_xuan,202.6,1140.8,1507.3,497.7,79.4,26.01
1999,Đồng Tháp,he_thu-thu_dong,240.1,935.4,2010.29,1670.2,85.47,26.54
2000,An Giang,dong_xuan,220.4,1344.9,1531.19,416.2,76.19,26.14
2000,An Giang,he_thu-thu_dong,232.8,807.0,1939.29,1548.8,85.03,26.72
2000,Bạc Liêu,dong_xuan,34.4,144.6,1539.25,715.3,79.34,25.84
2000,Bạc Liêu,he_thu-thu_dong,84.6,363.2,2056.51,1565.9,84.29,26.77
2000,Bến Tre,dong_xuan,23.2,112.5,1573.25,391.4,80.27,25.85
2000,Bến Tre,he_thu-thu_dong,29.5,115.1,2114.98,1721.8,87.37,26.51
2000,Cà Mau,dong_xuan,15.0,55.1,1526.64,682.1,79.03,25.84
2000,Cà Mau,he_thu-thu_dong,86.2,361.2,1964.57,2133.5,85.74,26.55
2000,Cần Thơ,dong_xuan,180.3,1029.1,1549.74,435.7,79.23,25.79
2000,Cần Thơ,he_thu-thu_dong,233.1,853.7,1973.9,1545.9,86.71,26.43
2000,Hậu Giang,dong_xuan,,,1521.37,537.0,78.33,25.76
2000,Hậu Giang,he_thu-thu_dong,,,1925.23,1821.7,86.57,26.36
2000,Kiên Giang,dong_xuan,232.6,1153.2,1536.74,444.5,76.84,26.07
2000,Kiên Giang,he_thu-thu_dong,266.9,1032.5,1962.27,1714.9,85.22,26.73
2000,Long An,dong_xuan,255.3,1093.4,1571.67,386.3,78.1,25.97
2000,Long An,he_thu-thu_dong,171.8,442.6,2103.18,1615.4,86.34,26.53
2000,Sóc Trăng,dong_xuan,132.0,640.6,1546.79,451.9,80.55,25.69
2000,Sóc Trăng,he_thu-thu_dong,171.3,737.0,2026.4,1601.9,86.45,26.51
2000,Tiền Giang,dong_xuan,94.7,537.9,1562.73,404.1,79.19,25.85
2000,Tiền Giang,he_thu-thu_dong,184.9,754.5,2035.83,1622.1,86.98,26.46
2000,Trà Vinh,dong_xuan,53.0,261.9,1559.94,430.9,80.44,25.76
2000,Trà Vinh,he_thu-thu_dong,87.0,363.3,2060.71,1788.2,86.94,26.48
2000,Vĩnh Long,dong_xuan,76.0,434.2,1552.84,390.8,78.51,25.97
2000,Vĩnh Long,he_thu-thu_dong,128.8,492.2,1979.66,1528.8,86.95,26.51
2000,Đồng Tháp,dong_xuan,203.7,1196.3,1556.67,375.8,75.69,26.23
2000,Đồng Tháp,he_thu-thu_dong,204.7,682.2,2018.71,1544.8,84.8,26.77
2001,An Giang,dong_xuan,221.7,1231.8,1509.82,542.7,79.53,26.19
2001,An Giang,he_thu-thu_dong,225.9,849.4,1979.35,1503.7,84.37,27.03
2001,Bạc Liêu,dong_xuan,25.7,104.4,1553.55,540.4,80.72,26.08
2001,Bạc Liêu,he_thu-thu_dong,72.9,311.3,2070.35,1759.2,84.24,27.0
2001,Bến Tre,dong_xuan,23.8,110.3,1575.64,605.4,82.64,25.97
2001,Bến Tre,he_thu-thu_dong,30.0,113.6,2124.84,1588.4,86.85,26.81
2001,Cà Mau,dong_xuan,8.4,33.3,1538.0,637.3,81.58,25.93
2001,Cà Mau,he_thu-thu_dong,32.9,116.6,2004.39,1978.0,85.74,26.77
2001,Cần Thơ,dong_xuan,181.9,1018.8,1518.6,554.6,82.14,25.87
2001,Cần Thơ,he_thu-thu_dong,259.2,935.6,2005.18,1566.6,86.57,26.66
2001,Hậu Giang,dong_xuan,,,1511.23,518.3,80.96,25.88
2001,Hậu Giang,he_thu-thu_dong,,,1974.29,1777.9,86.3,26.6
2001,Kiên Giang,dong_xuan,249.7,1123.2,1520.22,510.5,79.86,26.19
2001,Kiên Giang,he_thu-thu_dong,268.3,977.9,2008.67,1734.2,84.52,27.03
2001,Long An,dong_xuan,261.4,1138.3,1583.92,544.1,81.16,25.98
2001,Long An,he_thu-thu_dong,155.3,435.2,2123.84,1438.2,85.48,26.88
2001,Sóc Trăng,dong_xuan,134.6,602.3,1544.54,529.2,82.45,25.86
2001,Sóc Trăng,he_thu-thu_dong,159.6,705.4,2049.0,1674.0,86.36,26.72
2001,Tiền Giang,dong_xuan,94.2,539.0,1546.56,548.5,81.96,25.92
2001,Tiền Giang,he_thu-thu_dong,179.6,741.0,2051.07,1540.0,86.2,26.8
2001,Trà Vinh,dong_xuan,54.3,216.4,1550.17,647.8,82.31,25.91
2001,Trà Vinh,he_thu-thu_dong,87.6,326.7,2067.87,1814.5,86.66,26.74
2001,Vĩnh Long,dong_xuan,75.9,403.4,1527.63,494.6,81.84,26.0
2001,Vĩnh Long,he_thu-thu_dong,137.9,497.5,2008.54,1552.1,86.52,26.8
2001,Đồng Tháp,dong_xuan,206.0,1235.3,1549.02,452.0,79.16,26.24
2001,Đồng Tháp,he_thu-thu_dong,202.3,728.3,2040.36,1431.4,84.1,27.08
2002,An Giang,dong_xuan,218.8,1430.9,1618.0,82.2,68.29,26.89
2002,An Giang,he_thu-thu_dong,246.6,1139.2,2061.46,1045.2,79.04,27.8
2002,Bạc Liêu,dong_xuan,19.0,84.0,1614.47,205.5,75.61,26.08
2002,Bạc Liêu,he_thu-thu_dong,72.7,322.4,2211.02,1310.7,81.32,27.47
2002,Bến Tre,dong_xuan,24.9,116.4,1623.05,109.2,75.39,26.05
2002,Bến Tre,he_thu-thu_dong,28.8,110.1,2165.96,1281.9,83.26,27.29
2002,Cà Mau,dong_xuan,6.2,14.9,1618.7,172.3,74.14,26.34
2002,Cà Mau,he_thu-thu_dong,37.3,138.8,2156.9,1427.0,81.96,27.39
2002,Cần Thơ,dong_xuan,180.9,1151.2,1619.59,126.9,73.15,26.26
2002,Cần Thơ,he_thu-thu_dong,275.7,1065.0,2083.18,1106.4,81.44,27.4
2002,Hậu Giang,dong_xuan,,,1615.91,117.3,71.24,26.45
2002,Hậu Giang,he_thu-thu_dong,,,2076.2,1296.1,81.82,27.33
2002,Kiên Giang,dong_xuan,254.3,1347.5,1626.71,100.6,69.09,26.83
2002,Kiên Giang,he_thu-thu_dong,293.3,1160.7,2091.86,1355.0,80.64,27.64
2002,Long An,dong_xuan,244.6,1192.3,1639.12,85.5,71.14,26.44
2002,Long An,he_thu-thu_dong,166.2,496.2,2140.34,1339.0,81.42,27.43
2002,Sóc Trăng,dong_xuan,140.6,709.4,1612.88,159.3,76.5,25.88
2002,Sóc Trăng,he_thu-thu_dong,165.9,751.9,2177.55,1214.9,82.98,27.24
2002,Tiền Giang,dong_xuan,90.4,554.4,1618.66,105.8,73.03,26.21
2002,Tiền Giang,he_thu-thu_dong,174.6,730.9,2100.64,1208.6,82.32,27.31
2002,Trà Vinh,dong_xuan,55.0,283.7,1613.9,141.0,76.0,25.91
2002,Trà Vinh,he_thu-thu_dong,84.9,345.3,2141.2,1322.2,83.06,27.25
2002,Vĩnh Long,dong_xuan,74.5,444.3,1619.14,96.8,72.13,26.47
2002,Vĩnh Long,he_thu-thu_dong,133.0,509.4,2072.35,1137.9,81.52,27.49
2002,Đồng Tháp,dong_xuan,204.5,1298.7,1633.5,84.5,67.91,26.96
2002,Đồng Tháp,he_thu-thu_dong,221.9,880.0,2095.19,1066.2,78.68,27.86
2003,An Giang,dong_xuan,220.5,1413.9,1608.16,288.6,74.9,26.94
2003,An Giang,he_thu-thu_dong,275.2,1250.6,1875.53,1598.5,82.17,27.31
2003,Bạc Liêu,dong_xuan,19.2,78.6,1639.38,417.2,78.17,26.58
2003,Bạc Liêu,he_thu-thu_dong,58.3,259.4,2044.75,1833.2,83.36,27.06
2003,Bến Tre,dong_xuan,23.6,114.5,1644.89,261.6,79.01,26.46
2003,Bến Tre,he_thu-thu_dong,27.3,101.4,2047.95,1956.4,86.2,26.83
2003,Cà Mau,dong_xuan,0.9,2.8,1633.16,464.2,77.46,26.69
2003,Cà Mau,he_thu-thu_dong,34.1,119.3,1965.8,2133.5,84.4,26.92
2003,Cần Thơ,dong_xuan,177.6,1085.2,1616.99,322.1,77.87,26.54
2003,Cần Thơ,he_thu-thu_dong,275.8,1057.2,1899.4,1761.0,84.83,26.84
2003,Hậu Giang,dong_xuan,,,1601.12,385.9,76.79,26.57
2003,Hậu Giang,he_thu-thu_dong,,,1865.17,1904.6,84.56,26.82
2003,Kiên Giang,dong_xuan,266.6,1402.1,1622.4,290.1,75.11,26.92
2003,Kiên Giang,he_thu-thu_dong,277.1,1030.6,1909.96,1725.3,82.76,27.24
2003,Long An,dong_xuan,233.4,1172.6,1646.21,254.9,76.68,26.65
2003,Long An,he_thu-thu_dong,168.6,544.8,2039.3,1848.3,84.86,26.89
2003,Sóc Trăng,dong_xuan,138.6,708.2,1635.26,367.8,79.35,26.37
2003,Sóc Trăng,he_thu-thu_dong,170.7,756.7,2001.61,1927.1,85.33,26.81
2003,Tiền Giang,dong_xuan,89.1,522.9,1632.8,278.6,77.78,26.5
2003,Tiền Giang,he_thu-thu_dong,171.7,745.1,1949.93,1885.1,85.64,26.8
2003,Trà Vinh,dong_xuan,53.6,284.6,1639.28,334.0,79.23,26.39
2003,Trà Vinh,he_thu-thu_dong,86.6,362.9,1986.26,2118.3,85.64,26.81
2003,Vĩnh Long,dong_xuan,72.7,421.9,1619.0,289.2,77.88,26.62
2003,Vĩnh Long,he_thu-thu_dong,131.9,503.4,1892.52,1805.5,85.3,26.91
2003,Đồng Tháp,dong_xuan,203.1,1281.9,1630.69,267.2,74.83,26.97
2003,Đồng Tháp,he_thu-thu_dong,233.3,933.0,1953.18,1625.4,82.21,27.31
2004,An Giang,dong_xuan,220.3,1436.4,1628.54,125.5,70.83,26.97
2004,An Giang,he_thu-thu_dong,294.0,1546.8,2019.27,1233.8,81.68,27.37
2004,Bạc Liêu,dong_xuan,11.3,61.5,1665.15,174.4,76.71,26.24
2004,Bạc Liêu,he_thu-thu_dong,56.6,262.0,2138.56,1494.3,82.39,27.16
2004,Bến Tre,dong_xuan,22.5,114.2,1653.76,174.7,77.57,26.16
2004,Bến Tre,he_thu-thu_dong,26.5,103.4,2150.87,1523.6,85.03,26.97
2004,Cà Mau,dong_xuan,0.7,2.7,1654.96,229.8,75.61,26.44
2004,Cà Mau,he_thu-thu_dong,35.8,137.9,2058.42,2026.2,83.5,27.02
2004,Cần Thơ,dong_xuan,93.9,638.5,1642.43,151.8,75.75,26.31
2004,Cần Thơ,he_thu-thu_dong,136.0,556.2,2025.66,1343.7,84.0,26.93
2004,Hậu Giang,dong_xuan,84.9,520.8,1628.43,137.8,74.11,26.41
2004,Hậu Giang,he_thu-thu_dong,143.5,555.9,1999.51,1548.3,83.69,26.9
2004,Kiên Giang,dong_xuan,250.8,1424.2,1633.77,128.5,72.16,26.81
2004,Kiên Giang,he_thu-thu_dong,286.4,1199.4,2019.55,1379.2,82.17,27.29
2004,Long An,dong_xuan,230.2,1163.5,1657.15,147.8,74.35,26.45
2004,Long An,he_thu-thu_dong,181.5,680.0,2147.63,1436.5,83.68,27.05
2004,Sóc Trăng,dong_xuan,136.5,715.0,1654.25,150.1,77.6,26.08
2004,Sóc Trăng,he_thu-thu_dong,154.2,721.4,2100.99,1468.8,84.3,26.93
2004,Tiền Giang,dong_xuan,88.1,528.3,1646.8,183.3,75.89,26.26
2004,Tiền Giang,he_thu-thu_dong,171.3,787.0,2077.45,1507.6,84.41,26.96
2004,Trà Vinh,dong_xuan,53.9,287.0,1650.72,189.8,77.53,26.08
2004,Trà Vinh,he_thu-thu_dong,86.7,361.2,2102.94,1620.0,84.75,26.92
2004,Vĩnh Long,dong_xuan,71.5,422.6,1640.08,171.6,75.34,26.46
2004,Vĩnh Long,he_thu-thu_dong,134.8,532.7,2034.03,1443.6,84.18,27.05
2004,Đồng Tháp,dong_xuan,202.5,1292.1,1650.57,132.5,70.67,27.01
2004,Đồng Tháp,he_thu-thu_dong,250.5,1128.8,2102.35,1343.5,81.56,27.4
2005,An Giang,dong_xuan,223.3,1547.6,1663.28,91.1,70.84,26.94
2005,An Giang,he_thu-thu_dong,298.1,1568.7,1986.37,1355.2,81.49,27.49
2005,Bạc Liêu,dong_xuan,18.6,94.6,1692.44,104.6,75.92,26.36
2005,Bạc Liêu,he_thu-thu_dong,58.6,277.4,2159.71,1388.3,82.26,27.35
2005,Bến Tre,dong_xuan,21.8,96.4,1695.21,47.4,75.67,26.38
2005,Bến Tre,he_thu-thu_dong,24.0,90.3,2164.3,1542.3,84.97,27.09
2005,Cà Mau,dong_xuan,0.4,1.4,1680.15,167.0,75.13,26.55
2005,Cà Mau,he_thu-thu_dong,36.2,150.5,2090.96,1693.3,83.09,27.24
2005,Cần Thơ,dong_xuan,93.4,651.3,1679.22,86.1,74.06,26.55
2005,Cần Thơ,he_thu-thu_dong,138.6,582.4,2022.76,1407.6,83.83,27.09
2005,Hậu Giang,dong_xuan,85.4,546.1,1665.78,91.6,72.69,26.63
2005,Hậu Giang,he_thu-thu_dong,143.0,563.1,1976.44,1536.3,83.79,27.05
2005,Kiên Giang,dong_xuan,250.8,1503.4,1677.42,100.3,71.39,26.91
2005,Kiên Giang,he_thu-thu_dong,299.8,1282.0,2019.0,1427.4,82.34,27.42
2005,Long An,dong_xuan,235.5,1255.4,1701.58,68.1,72.51,26.67
2005,Long An,he_thu-thu_dong,174.9,622.9,2126.5,1472.8,83.79,27.13
2005,Sóc Trăng,dong_xuan,136.0,752.5,1686.3,85.9,76.3,26.25
2005,Sóc Trăng,he_thu-thu_dong,154.4,764.1,2110.05,1409.4,84.06,27.11
2005,Tiền Giang,dong_xuan,85.7,527.6,1684.01,60.2,74.07,26.47
2005,Tiền Giang,he_thu-thu_dong,166.2,775.6,2081.67,1422.6,84.46,27.05
2005,Trà Vinh,dong_xuan,53.6,300.5,1684.69,73.4,75.6,26.31
2005,Trà Vinh,he_thu-thu_dong,84.9,340.5,2117.07,1633.0,84.48,27.08
2005,Vĩnh Long,dong_xuan,70.9,437.7,1677.08,67.0,73.44,26.72
2005,Vĩnh Long,he_thu-thu_dong,132.2,535.3,2024.71,1366.4,84.09,27.16
2005,Đồng Tháp,dong_xuan,203.3,1362.8,1679.35,65.3,70.26,27.05
2005,Đồng Tháp,he_thu-thu_dong,264.4,1243.7,2052.53,1337.7,81.43,27.51
2006,An Giang,dong_xuan,231.1,1572.7,1501.9,331.1,76.79,26.4
2006,An Giang,he_thu-thu_dong,265.1,1327.0,1891.0,1625.9,84.62,26.86
2006,Bạc Liêu,dong_xuan,28.0,157.0,1535.31,563.2,79.32,26.14
2006,Bạc Liêu,he_thu-thu_dong,50.8,227.0,2035.91,1832.3,84.2,26.88
2006,Bến Tre,dong_xuan,20.7,104.2,1561.12,427.7,81.21,26.0
2006,Bến Tre,he_thu-thu_dong,25.4,86.4,2077.86,1869.8,87.04,26.65
2006,Cà Mau,dong_xuan,0.4,1.5,1527.86,645.6,78.59,26.21
2006,Cà Mau,he_thu-thu_dong,36.1,132.3,1958.18,2281.9,86.02,26.61
2006,Cần Thơ,dong_xuan,93.0,622.1,1521.33,394.4,79.64,26.03
2006,Cần Thơ,he_thu-thu_dong,129.8,530.9,1924.54,1690.7,86.35,26.56
2006,Hậu Giang,dong_xuan,84.2,522.5,1507.59,440.6,78.23,26.1
2006,Hậu Giang,he_thu-thu_dong,142.9,540.3,1855.06,1912.4,86.45,26.45
2006,Kiên Giang,dong_xuan,256.7,1528.2,1525.03,376.2,76.88,26.41
2006,Kiên Giang,he_thu-thu_dong,293.8,1081.8,1908.65,1824.2,84.8,26.86
2006,Long An,dong_xuan,234.5,1196.9,1567.05,419.5,79.18,26.12
2006,Long An,he_thu-thu_dong,183.2,533.6,2064.67,1726.0,86.06,26.67
2006,Sóc Trăng,dong_xuan,139.7,752.1,1524.83,444.8,80.83,25.93
2006,Sóc Trăng,he_thu-thu_dong,160.9,757.4,2010.02,1767.2,86.16,26.63
2006,Tiền Giang,dong_xuan,83.9,501.9,1538.8,419.5,80.2,26.01
2006,Tiền Giang,he_thu-thu_dong,163.9,712.4,1986.2,1780.7,86.69,26.6
2006,Trà Vinh,dong_xuan,52.8,269.9,1537.52,462.3,81.1,25.92
2006,Trà Vinh,he_thu-thu_dong,82.8,341.8,2016.62,1990.8,86.51,26.62
2006,Vĩnh Long,dong_xuan,69.7,424.9,1522.71,387.6,79.73,26.13
2006,Vĩnh Long,he_thu-thu_dong,126.8,507.4,1931.25,1724.8,86.63,26.63
2006,Đồng Tháp,dong_xuan,205.6,1343.9,1540.14,348.6,76.8,26.41
2006,Đồng Tháp,he_thu-thu_dong,248.4,1061.0,1977.15,1695.5,84.61,26.88
2007,An Giang,dong_xuan,230.6,1639.6,1596.21,211.2,73.5,26.92
2007,An Giang,he_thu-thu_dong,282.5,1486.3,1807.81,1617.6,84.21,27.05
2007,Bạc Liêu,dong_xuan,33.9,176.9,1612.43,263.4,78.05,26.46
2007,Bạc Liêu,he_thu-thu_dong,53.3,224.9,1937.24,1776.9,84.03,27.02
2007,Bến Tre,dong_xuan,20.7,112.6,1615.43,229.9,79.14,26.36
2007,Bến Tre,he_thu-thu_dong,24.2,97.1,1924.46,2034.4,87.19,26.73
2007,Cà Mau,dong_xuan,,,1599.97,388.2,78.78,26.34
2007,Cà Mau,he_thu-thu_dong,36.0,122.2,1855.36,2164.6,85.64,26.79
2007,Cần Thơ,dong_xuan,92.1,626.3,1613.02,247.3,78.26,26.35
2007,Cần Thơ,he_thu-thu_dong,115.8,505.3,1805.6,1691.6,85.91,26.75
2007,Hậu Giang,dong_xuan,79.0,416.6,1600.49,298.6,77.38,26.33
2007,Hậu Giang,he_thu-thu_dong,110.3,448.5,1768.46,1811.8,85.9,26.67
2007,Kiên Giang,dong_xuan,265.3,1572.6,1604.48,239.0,75.14,26.75
2007,Kiên Giang,he_thu-thu_dong,266.4,1230.5,1815.67,1822.9,84.63,27.02
2007,Long An,dong_xuan,234.2,1220.4,1617.68,211.7,76.27,26.55
2007,Long An,he_thu-thu_dong,178.8,703.5,1904.76,1823.3,86.13,26.76
2007,Sóc Trăng,dong_xuan,140.7,704.9,1615.45,214.9,79.29,26.27
2007,Sóc Trăng,he_thu-thu_dong,158.9,798.9,1884.57,1736.4,86.02,26.78
2007,Tiền Giang,dong_xuan,83.4,531.2,1610.22,239.8,77.64,26.41
2007,Tiền Giang,he_thu-thu_dong,163.4,775.5,1838.91,1862.0,86.77,26.69
2007,Trà Vinh,dong_xuan,49.7,229.9,1612.66,239.2,79.1,26.3
2007,Trà Vinh,he_thu-thu_dong,81.1,384.6,1882.66,2003.6,86.6,26.73
2007,Vĩnh Long,dong_xuan,68.5,418.8,1606.56,226.8,77.56,26.51
2007,Vĩnh Long,he_thu-thu_dong,89.8,392.0,1793.48,1713.8,86.49,26.77
2007,Đồng Tháp,dong_xuan,208.4,1422.6,1614.16,210.6,73.27,26.96
2007,Đồng Tháp,he_thu-thu_dong,238.7,1121.8,1871.24,1651.3,84.09,27.07
2008,An Giang,dong_xuan,231.7,1694.8,1552.98,229.4,72.84,26.53
2008,An Giang,he_thu-thu_dong,324.7,1788.0,1873.22,1648.1,84.52,26.86
2008,Bạc Liêu,dong_xuan,40.0,232.7,1572.4,219.5,77.44,26.01
2008,Bạc Liêu,he_thu-thu_dong,49.1,234.6,2037.1,1720.1,84.18,26.81
2008,Bến Tre,dong_xuan,20.6,118.3,1582.47,220.2,78.57,25.96
2008,Bến Tre,he_thu-thu_dong,24.5,103.4,2064.27,1797.3,87.17,26.58
2008,Cà Mau,dong_xuan,,,1580.48,286.3,75.91,26.28
2008,Cà Mau,he_thu-thu_dong,36.3,141.0,1942.04,2236.8,85.36,26.64
2008,Cần Thơ,dong_xuan,90.6,620.9,1565.37,212.6,76.24,26.14
2008,Cần Thơ,he_thu-thu_dong,128.0,577.6,1891.89,1684.2,86.39,26.5
2008,Hậu Giang,dong_xuan,81.6,502.8,1555.75,214.4,74.53,26.25
2008,Hậu Giang,he_thu-thu_dong,121.3,517.3,1846.36,1886.7,86.16,26.45
2008,Kiên Giang,dong_xuan,270.2,1813.2,1579.92,227.9,73.45,26.52
2008,Kiên Giang,he_thu-thu_dong,279.0,1338.0,1900.07,1760.6,84.64,26.85
2008,Long An,dong_xuan,240.0,1296.8,1582.47,226.7,75.94,26.19
2008,Long An,he_thu-thu_dong,201.7,834.5,2058.5,1621.7,85.9,26.64
2008,Sóc Trăng,dong_xuan,139.3,822.8,1567.1,208.8,78.2,25.89
2008,Sóc Trăng,he_thu-thu_dong,160.7,821.4,1985.27,1774.1,86.43,26.53
2008,Tiền Giang,dong_xuan,82.6,551.2,1565.75,240.4,77.27,26.02
2008,Tiền Giang,he_thu-thu_dong,162.3,769.8,1960.67,1765.2,86.6,26.56
2008,Trà Vinh,dong_xuan,53.7,294.5,1571.97,211.2,78.13,25.92
2008,Trà Vinh,he_thu-thu_dong,82.9,396.4,1983.98,1925.8,86.97,26.51
2008,Vĩnh Long,dong_xuan,68.2,431.3,1557.71,233.0,76.35,26.22
2008,Vĩnh Long,he_thu-thu_dong,109.2,464.8,1903.91,1685.7,86.63,26.6
2008,Đồng Tháp,dong_xuan,208.0,1453.9,1571.88,243.6,72.34,26.6
2008,Đồng Tháp,he_thu-thu_dong,260.1,1266.3,1964.8,1591.7,84.35,26.9
2009,An Giang,dong_xuan,234.1,1677.2,1504.58,360.7,77.28,25.93
2009,An Giang,he_thu-thu_dong,315.6,1715.8,1798.76,1445.2,84.45,27.1
2009,Bạc Liêu,dong_xuan,42.2,246.1,1513.14,582.0,81.77,25.7
2009,Bạc Liêu,he_thu-thu_dong,55.8,257.6,2059.33,1583.6,83.89,27.17
2009,Bến Tre,dong_xuan,21.1,124.2,1552.55,450.8,83.1,25.7
2009,Bến Tre,he_thu-thu_dong,24.2,96.3,1998.3,1811.4,87.24,26.82
2009,Cà Mau,dong_xuan,,,1514.48,528.9,81.59,25.64
2009,Cà Mau,he_thu-thu_dong,36.1,141.8,1956.85,1857.3,85.14,27.0
2009,Cần Thơ,dong_xuan,90.1,606.4,1511.04,477.1,81.96,25.56
2009,Cần Thơ,he_thu-thu_dong,118.7,531.7,1827.16,1501.9,86.29,26.78
2009,Hậu Giang,dong_xuan,82.3,518.8,1492.05,530.1,81.33,25.45
2009,Hậu Giang,he_thu-thu_dong,108.9,475.0,1815.5,1665.0,86.03,26.76
2009,Kiên Giang,dong_xuan,277.8,1860.3,1517.39,407.7,78.24,25.91
2009,Kiên Giang,he_thu-thu_dong,282.1,1300.0,1831.85,1545.7,84.46,27.14
2009,Long An,dong_xuan,249.0,1322.8,1554.8,433.3,80.59,25.76
2009,Long An,he_thu-thu_dong,201.3,810.7,1987.9,1752.6,86.04,26.84
2009,Sóc Trăng,dong_xuan,138.6,811.8,1515.46,491.4,83.42,25.53
2009,Sóc Trăng,he_thu-thu_dong,169.1,852.2,1985.98,1613.2,86.09,26.85
2009,Tiền Giang,dong_xuan,82.7,535.1,1526.53,477.5,81.8,25.68
2009,Tiền Giang,he_thu-thu_dong,163.7,772.9,1879.68,1673.6,86.73,26.78
2009,Trà Vinh,dong_xuan,56.1,297.5,1526.2,511.2,83.17,25.62
2009,Trà Vinh,he_thu-thu_dong,82.4,396.2,1939.93,1853.7,86.7,26.81
2009,Vĩnh Long,dong_xuan,67.6,427.5,1513.63,408.3,81.27,25.73
2009,Vĩnh Long,he_thu-thu_dong,109.1,483.9,1811.92,1604.6,86.7,26.84
2009,Đồng Tháp,dong_xuan,207.2,1428.4,1540.97,392.1,76.92,26.0
2009,Đồng Tháp,he_thu-thu_dong,243.6,1222.0,1877.82,1544.5,84.41,27.11
2010,An Giang,dong_xuan,234.2,1708.9,1584.78,143.0,72.73,27.2
2010,An Giang,he_thu-thu_dong,347.0,1920.9,1930.02,1622.9,82.03,27.78
2010,Bạc Liêu,dong_xuan,44.6,251.6,1591.87,186.2,77.41,26.69
2010,Bạc Liêu,he_thu-thu_dong,56.9,287.3,2083.84,1654.1,82.33,27.64
2010,Bến Tre,dong_xuan,21.1,121.2,1623.07,186.4,78.17,26.56
2010,Bến Tre,he_thu-thu_dong,23.2,91.0,2116.46,1780.9,85.06,27.43
2010,Cà Mau,dong_xuan,,,1590.32,217.0,76.04,26.9
2010,Cà Mau,he_thu-thu_dong,35.6,153.6,1987.74,2206.6,83.58,27.45
2010,Cần Thơ,dong_xuan,89.8,634.1,1598.58,184.1,76.77,26.63
2010,Cần Thơ,he_thu-thu_dong,119.6,562.6,1959.81,1636.6,83.46,27.49
2010,Hậu Giang,dong_xuan,84.3,548.5,1591.77,149.7,74.95,26.81
2010,Hậu Giang,he_thu-thu_dong,126.4,541.7,1903.16,1925.3,83.42,27.41
2010,Kiên Giang,dong_xuan,283.9,1892.1,1592.46,144.4,73.0,27.19
2010,Kiên Giang,he_thu-thu_dong,296.6,1367.9,1949.82,1799.5,82.77,27.66
2010,Long An,dong_xuan,251.1,1436.6,1634.66,197.3,74.98,26.84
2010,Long An,he_thu-thu_dong,207.7,828.8,2081.13,1722.4,83.84,27.48
2010,Sóc Trăng,dong_xuan,139.6,872.4,1594.68,178.7,78.35,26.5
2010,Sóc Trăng,he_thu-thu_dong,188.2,995.1,2061.57,1773.5,84.04,27.48
2010,Tiền Giang,dong_xuan,81.9,537.2,1607.68,184.4,76.48,26.66
2010,Tiền Giang,he_thu-thu_dong,162.1,783.4,2035.01,1729.3,84.61,27.38
2010,Trà Vinh,dong_xuan,59.5,346.8,1601.34,168.8,78.09,26.52
2010,Trà Vinh,he_thu-thu_dong,81.4,379.0,2075.0,1916.3,84.44,27.45
2010,Vĩnh Long,dong_xuan,66.9,453.9,1601.99,161.8,76.19,26.79
2010,Vĩnh Long,he_thu-thu_dong,103.1,475.0,1973.56,1614.7,83.99,27.54
2010,Đồng Tháp,dong_xuan,207.7,1472.7,1616.0,137.4,72.03,27.32
2010,Đồng Tháp,he_thu-thu_dong,257.4,1334.3,1995.15,1543.0,81.69,27.84
2011,An Giang,dong_xuan,235.5,1768.8,1437.71,622.8,78.19,25.94
2011,An Giang,he_thu-thu_dong,366.7,2064.7,1924.29,1520.2,84.39,26.96
2011,Bạc Liêu,dong_xuan,45.8,305.3,1456.44,766.2,80.31,25.82
2011,Bạc Liêu,he_thu-thu_dong,55.8,301.1,2141.83,1485.3,83.71,26.98
2011,Bến Tre,dong_xuan,20.2,105.6,1483.44,551.7,82.46,25.71
2011,Bến Tre,he_thu-thu_dong,23.1,107.7,2109.06,1703.7,86.82,26.7
2011,Cà Mau,dong_xuan,,,1423.81,894.4,80.43,25.79
2011,Cà Mau,he_thu-thu_dong,35.4,160.2,2052.45,1898.3,84.83,26.83
2011,Cần Thơ,dong_xuan,88.7,635.1,1429.02,616.1,81.97,25.6
2011,Cần Thơ,he_thu-thu_dong,136.0,654.6,1955.87,1563.2,86.2,26.62
2011,Hậu Giang,dong_xuan,83.0,556.3,1402.09,696.5,81.01,25.57
2011,Hậu Giang,he_thu-thu_dong,129.7,572.2,1936.15,1690.3,85.89,26.59
2011,Kiên Giang,dong_xuan,287.2,1995.5,1439.13,604.2,78.93,25.92
2011,Kiên Giang,he_thu-thu_dong,345.3,1723.6,1972.67,1495.8,84.38,26.97
2011,Long An,dong_xuan,254.0,1486.0,1491.84,511.1,80.41,25.8
2011,Long An,he_thu-thu_dong,220.2,1031.5,2068.4,1652.2,85.82,26.7
2011,Sóc Trăng,dong_xuan,138.3,884.0,1426.12,656.9,81.78,25.63
2011,Sóc Trăng,he_thu-thu_dong,187.1,1102.9,2092.07,1578.0,85.6,26.73
2011,Tiền Giang,dong_xuan,81.0,540.4,1458.64,580.8,81.49,25.69
2011,Tiền Giang,he_thu-thu_dong,160.8,792.4,2022.11,1649.8,86.45,26.64
2011,Trà Vinh,dong_xuan,61.1,289.6,1453.54,644.8,82.06,25.65
2011,Trà Vinh,he_thu-thu_dong,81.0,431.9,2071.79,1774.5,86.18,26.69
2011,Vĩnh Long,dong_xuan,65.8,434.8,1442.18,564.6,81.86,25.71
2011,Vĩnh Long,he_thu-thu_dong,115.7,597.5,1956.98,1638.5,86.76,26.67
2011,Đồng Tháp,dong_xuan,206.9,1482.0,1488.2,580.8,77.83,26.01
2011,Đồng Tháp,he_thu-thu_dong,294.2,1618.2,1997.25,1589.4,84.46,26.96
2012,An Giang,dong_xuan,235.9,1746.1,1506.4,426.6,76.47,26.67
2012,An Giang,he_thu-thu_dong,383.3,2165.8,1872.56,1505.3,84.18,26.98
2012,Bạc Liêu,dong_xuan,54.6,346.1,1531.64,397.9,80.17,26.32
2012,Bạc Liêu,he_thu-thu_dong,55.8,299.4,2102.16,1628.3,83.89,26.99
2012,Bến Tre,dong_xuan,20.0,115.6,1574.74,385.1,81.31,26.29
2012,Bến Tre,he_thu-thu_dong,22.2,105.2,2090.04,1717.1,86.97,26.7
2012,Cà Mau,dong_xuan,,,1526.58,668.8,81.38,26.13
2012,Cà Mau,he_thu-thu_dong,35.8,170.8,2008.72,1792.5,85.2,26.79
2012,Cần Thơ,dong_xuan,87.8,640.0,1531.03,418.1,80.34,26.24
2012,Cần Thơ,he_thu-thu_dong,140.4,679.8,1911.67,1547.9,86.26,26.61
2012,Hậu Giang,dong_xuan,77.9,554.2,1516.24,454.7,79.51,26.21
2012,Hậu Giang,he_thu-thu_dong,136.2,625.7,1887.82,1704.1,86.01,26.59
2012,Kiên Giang,dong_xuan,292.2,2061.7,1540.54,440.6,77.65,26.58
2012,Kiên Giang,he_thu-thu_dong,368.5,1950.5,1899.44,1606.2,84.29,26.98
2012,Long An,dong_xuan,262.1,1596.5,1579.24,429.0,79.05,26.39
2012,Long An,he_thu-thu_dong,227.4,1030.6,2052.01,1690.0,85.78,26.72
2012,Sóc Trăng,dong_xuan,138.8,909.8,1529.85,399.4,81.22,26.2
2012,Sóc Trăng,he_thu-thu_dong,200.5,1214.6,2050.78,1611.4,85.86,26.72
2012,Tiền Giang,dong_xuan,80.6,562.3,1544.81,463.8,80.21,26.29
2012,Tiền Giang,he_thu-thu_dong,160.8,807.7,1985.27,1686.2,86.46,26.66
2012,Trà Vinh,dong_xuan,58.2,362.6,1552.98,418.9,80.79,26.27
2012,Trà Vinh,he_thu-thu_dong,80.2,434.8,2032.29,1855.8,86.44,26.69
2012,Vĩnh Long,dong_xuan,63.8,434.5,1528.96,418.8,80.11,26.35
2012,Vĩnh Long,he_thu-thu_dong,122.1,645.1,1915.51,1651.2,86.55,26.7
2012,Đồng Tháp,dong_xuan,208.3,1504.8,1537.07,416.8,76.17,26.73
2012,Đồng Tháp,he_thu-thu_dong,279.3,1547.0,1945.12,1597.3,83.9,27.03
2013,An Giang,dong_xuan,238.1,1749.4,1555.66,251.6,74.04,27.28
2013,An Giang,he_thu-thu_dong,397.9,2244.6,1811.88,1643.6,84.79,27.03
2013,Bạc Liêu,dong_xuan,49.3,325.2,1567.24,356.8,78.32,26.74
2013,Bạc Liêu,he_thu-thu_dong,56.4,309.0,2016.43,1678.1,83.92,27.11
2013,Bến Tre,dong_xuan,19.0,96.3,1600.27,236.5,78.05,26.81
2013,Bến Tre,he_thu-thu_dong,20.1,87.9,2017.43,1776.0,87.23,26.83
2013,Cà Mau,dong_xuan,,,1563.07,372.3,77.96,26.77
2013,Cà Mau,he_thu-thu_dong,35.5,161.0,1929.6,2189.7,85.29,26.91
2013,Cần Thơ,dong_xuan,88.0,637.2,1571.01,265.0,77.31,26.8
2013,Cần Thơ,he_thu-thu_dong,148.6,733.1,1853.54,1636.8,86.53,26.74
2013,Hậu Giang,dong_xuan,79.9,567.7,1549.99,325.9,76.44,26.81
2013,Hậu Giang,he_thu-thu_dong,132.1,623.6,1818.06,1981.8,86.38,26.68
2013,Kiên Giang,dong_xuan,300.6,2076.4,1572.18,265.6,74.88,27.17
2013,Kiên Giang,he_thu-thu_dong,403.9,2112.8,1832.75,1790.8,84.77,27.05
2013,Long An,dong_xuan,232.7,1477.9,1611.64,268.1,74.69,27.14
2013,Long An,he_thu-thu_dong,286.2,1307.4,1996.15,1634.7,85.85,26.89
2013,Sóc Trăng,dong_xuan,141.3,933.2,1570.47,322.4,79.02,26.61
2013,Sóc Trăng,he_thu-thu_dong,200.7,1128.2,1970.37,1675.3,86.11,26.84
2013,Tiền Giang,dong_xuan,79.3,547.5,1590.95,245.5,76.21,26.95
2013,Tiền Giang,he_thu-thu_dong,156.3,801.2,1935.96,1675.3,86.6,26.81
2013,Trà Vinh,dong_xuan,64.5,389.0,1590.41,280.8,78.66,26.66
2013,Trà Vinh,he_thu-thu_dong,80.7,418.1,1969.86,1895.0,86.69,26.81
2013,Vĩnh Long,dong_xuan,63.5,422.0,1579.28,236.5,76.41,27.03
2013,Vĩnh Long,he_thu-thu_dong,118.4,641.7,1874.6,1629.0,86.77,26.83
2013,Đồng Tháp,dong_xuan,208.2,1472.8,1579.94,223.5,72.88,27.46
2013,Đồng Tháp,he_thu-thu_dong,333.6,1854.2,1900.21,1586.9,84.54,27.08
2014,An Giang,dong_xuan,237.5,1837.2,1565.33,218.8,72.16,26.09
2014,An Giang,he_thu-thu_dong,383.2,2161.4,1980.58,1488.1,83.24,27.42
2014,Bạc Liêu,dong_xuan,46.2,334.7,1580.75,259.7,77.85,25.66
2014,Bạc Liêu,he_thu-thu_dong,56.0,310.1,2148.02,1529.9,82.75,27.43
2014,Bến Tre,dong_xuan,18.1,105.0,1602.47,191.1,78.65,25.66
2014,Bến Tre,he_thu-thu_dong,19.3,82.5,2141.72,1629.3,85.66,27.18
2014,Cà Mau,dong_xuan,,,1562.81,330.2,76.75,25.78
2014,Cà Mau,he_thu-thu_dong,36.7,158.5,2052.0,2099.3,84.55,27.17
2014,Cần Thơ,dong_xuan,88.0,646.1,1568.28,204.8,77.23,25.63
2014,Cần Thơ,he_thu-thu_dong,144.3,721.6,2004.78,1617.2,85.19,27.06
2014,Hậu Giang,dong_xuan,77.5,582.7,1545.86,243.2,76.02,25.64
2014,Hậu Giang,he_thu-thu_dong,127.8,621.9,1976.23,1811.3,85.29,26.98
2014,Kiên Giang,dong_xuan,305.9,2207.6,1573.95,238.5,73.89,25.97
2014,Kiên Giang,he_thu-thu_dong,385.3,2044.3,1994.78,1483.5,83.9,27.36
2014,Long An,dong_xuan,235.5,1580.5,1620.02,183.1,75.3,25.9
2014,Long An,he_thu-thu_dong,274.9,1247.9,2106.28,1501.4,84.55,27.2
2014,Sóc Trăng,dong_xuan,141.3,961.3,1573.42,200.2,79.18,25.49
2014,Sóc Trăng,he_thu-thu_dong,192.0,1150.8,2121.61,1560.7,84.77,27.19
2014,Tiền Giang,dong_xuan,77.4,557.5,1586.61,181.9,76.82,25.74
2014,Tiền Giang,he_thu-thu_dong,153.2,812.8,2045.05,1556.8,85.25,27.12
2014,Trà Vinh,dong_xuan,66.4,446.2,1582.44,211.7,78.99,25.55
2014,Trà Vinh,he_thu-thu_dong,80.2,407.0,2101.1,1812.4,85.12,27.17
2014,Vĩnh Long,dong_xuan,61.5,435.9,1575.51,194.4,76.57,25.82
2014,Vĩnh Long,he_thu-thu_dong,118.7,651.3,1997.45,1545.7,85.61,27.13
2014,Đồng Tháp,dong_xuan,207.4,1497.0,1599.52,173.3,71.52,26.23
2014,Đồng Tháp,he_thu-thu_dong,321.2,1803.0,2030.77,1493.4,83.19,27.44
2015,An Giang,dong_xuan,238.6,1804.4,1568.55,179.8,73.5,26.55
2015,An Giang,he_thu-thu_dong,400.3,2250.1,2051.24,1222.7,79.78,27.94
2015,Bạc Liêu,dong_xuan,46.6,339.2,1607.53,356.9,78.08,26.07
2015,Bạc Liêu,he_thu-thu_dong,101.8,584.8,2228.93,1376.2,80.9,27.7
2015,Bến Tre,dong_xuan,17.2,87.6,1657.82,252.1,79.28,25.97
2015,Bến Tre,he_thu-thu_dong,17.9,71.8,2230.96,1367.6,83.22,27.57
2015,Cà Mau,dong_xuan,,,1597.4,438.2,78.17,26.08
2015,Cà Mau,he_thu-thu_dong,36.4,152.1,2149.37,1833.3,81.77,27.57
2015,Cần Thơ,dong_xuan,87.3,645.3,1601.02,252.6,77.9,26.04
2015,Cần Thơ,he_thu-thu_dong,150.6,762.8,2091.75,1268.8,81.67,27.57
2015,Hậu Giang,dong_xuan,80.0,618.5,1573.6,298.4,76.48,26.11
2015,Hậu Giang,he_thu-thu_dong,127.1,674.6,2048.67,1506.8,81.85,27.49
2015,Kiên Giang,dong_xuan,307.3,2224.5,1587.69,238.7,74.18,26.52
2015,Kiên Giang,he_thu-thu_dong,399.2,2135.2,2069.42,1250.1,80.96,27.78
2015,Long An,dong_xuan,233.9,1569.7,1651.33,239.2,76.42,26.18
2015,Long An,he_thu-thu_dong,283.9,1331.0,2211.04,1334.0,81.94,27.65
2015,Sóc Trăng,dong_xuan,196.7,1348.0,1608.05,255.7,79.26,25.89
2015,Sóc Trăng,he_thu-thu_dong,152.4,858.2,2196.96,1383.4,82.45,27.52
2015,Tiền Giang,dong_xuan,75.1,541.0,1632.53,268.3,77.81,26.02
2015,Tiền Giang,he_thu-thu_dong,149.6,803.4,2162.09,1273.3,82.72,27.54
2015,Trà Vinh,dong_xuan,68.9,469.3,1645.51,254.7,79.0,25.94
2015,Trà Vinh,he_thu-thu_dong,164.3,859.1,2187.75,1523.8,82.6,27.55
2015,Vĩnh Long,dong_xuan,61.0,437.0,1602.46,221.7,77.14,26.23
2015,Vĩnh Long,he_thu-thu_dong,119.5,657.7,2112.85,1293.1,82.11,27.68
2015,Đồng Tháp,dong_xuan,204.9,1443.2,1595.56,196.3,73.21,26.63
2015,Đồng Tháp,he_thu-thu_dong,341.1,1941.3,2123.37,1290.7,79.51,27.99
2016,An Giang,dong_xuan,239.3,1719.9,1631.25,195.6,72.74,27.48
2016,An Giang,he_thu-thu_dong,424.7,2234.6,1825.57,1429.6,81.11,27.87
2016,Bạc Liêu,dong_xuan,45.6,308.5,1632.25,335.2,77.56,26.97
2016,Bạc Liêu,he_thu-thu_dong,97.8,563.7,2002.51,1558.8,82.27,27.67
2016,Bến Tre,dong_xuan,15.1,0.8,1670.79,183.3,77.22,26.98
2016,Bến Tre,he_thu-thu_dong,16.6,66.5,2048.4,1783.6,84.96,27.43
2016,Cà Mau,dong_xuan,,,1637.71,339.1,76.43,27.16
2016,Cà Mau,he_thu-thu_dong,37.1,166.2,1928.27,1864.6,82.74,27.62
2016,Cần Thơ,dong_xuan,86.7,615.8,1637.43,249.9,76.16,27.02
2016,Cần Thơ,he_thu-thu_dong,153.3,782.0,1864.14,1430.7,83.26,27.49
2016,Hậu Giang,dong_xuan,79.4,556.1,1622.16,261.2,75.13,27.07
2016,Hậu Giang,he_thu-thu_dong,122.8,675.0,1847.83,1669.6,82.88,27.51
2016,Kiên Giang,dong_xuan,301.0,1850.3,1630.47,235.1,73.85,27.35
2016,Kiên Giang,he_thu-thu_dong,404.8,2203.7,1868.16,1713.5,81.99,27.75
2016,Long An,dong_xuan,232.5,1406.5,1673.76,170.7,74.07,27.26
2016,Long An,he_thu-thu_dong,292.6,1390.2,2025.42,1654.5,83.49,27.52
2016,Sóc Trăng,dong_xuan,189.3,1181.8,1633.73,257.7,78.17,26.82
2016,Sóc Trăng,he_thu-thu_dong,153.3,864.5,1976.7,1598.3,84.0,27.44
2016,Tiền Giang,dong_xuan,74.2,503.1,1657.14,182.1,75.53,27.07
2016,Tiền Giang,he_thu-thu_dong,141.2,765.1,1951.66,1640.8,84.3,27.42
2016,Trà Vinh,dong_xuan,68.8,277.7,1660.68,224.4,77.61,26.88
2016,Trà Vinh,he_thu-thu_dong,139.4,667.9,1987.88,1825.4,84.54,27.39
2016,Vĩnh Long,dong_xuan,61.2,390.5,1644.49,191.6,75.56,27.19
2016,Vĩnh Long,he_thu-thu_dong,115.3,548.2,1873.07,1571.2,83.81,27.54
2016,Đồng Tháp,dong_xuan,208.8,1420.3,1650.38,209.5,72.41,27.54
2016,Đồng Tháp,he_thu-thu_dong,342.6,1976.5,1908.45,1456.3,80.94,27.9
2017,An Giang,dong_xuan,236.2,1660.4,1473.02,660.2,80.76,26.34
2017,An Giang,he_thu-thu_dong,399.9,2202.0,1861.39,1937.7,85.2,27.15
2017,Bạc Liêu,dong_xuan,46.3,333.3,1473.14,570.5,80.3,26.37
2017,Bạc Liêu,he_thu-thu_dong,103.0,582.6,1888.54,2260.4,84.75,27.09
2017,Bến Tre,dong_xuan,15.7,69.4,1507.7,505.1,82.32,26.26
2017,Bến Tre,he_thu-thu_dong,30.8,128.0,1922.05,2137.1,87.66,26.91
2017,Cà Mau,dong_xuan,1.3,3.9,1467.2,724.0,80.44,26.33
2017,Cà Mau,he_thu-thu_dong,36.7,156.3,1799.97,2421.1,85.08,27.06
2017,Cần Thơ,dong_xuan,85.4,556.7,1457.41,629.5,81.25,26.33
2017,Cần Thơ,he_thu-thu_dong,154.7,830.5,1825.66,1871.1,85.11,27.1
2017,Hậu Giang,dong_xuan,77.9,531.5,1454.29,627.4,80.81,26.23
2017,Hậu Giang,he_thu-thu_dong,128.7,729.5,1805.47,2119.4,85.63,26.94
2017,Kiên Giang,dong_xuan,298.8,1799.7,1481.52,637.2,80.84,26.28
2017,Kiên Giang,he_thu-thu_dong,389.1,2122.7,1860.01,2353.7,84.28,27.33
2017,Long An,dong_xuan,234.2,1310.0,1506.63,547.2,81.3,26.27
2017,Long An,he_thu-thu_dong,290.3,1327.0,1919.95,2257.8,86.09,27.02
2017,Sóc Trăng,dong_xuan,183.9,1186.0,1464.1,501.2,81.44,26.18
2017,Sóc Trăng,he_thu-thu_dong,151.8,855.1,1906.72,2068.0,85.76,26.92
2017,Tiền Giang,dong_xuan,71.6,470.5,1493.26,545.8,82.19,26.21
2017,Tiền Giang,he_thu-thu_dong,139.2,778.8,1929.31,1982.1,87.48,26.92
2017,Trà Vinh,dong_xuan,59.9,353.3,1480.64,597.0,81.89,26.25
2017,Trà Vinh,he_thu-thu_dong,157.9,773.4,1936.19,1870.9,86.3,26.95
2017,Vĩnh Long,dong_xuan,59.0,354.1,1469.83,604.3,81.3,26.33
2017,Vĩnh Long,he_thu-thu_dong,110.4,588.4,1912.94,2043.5,85.86,27.02
2017,Đồng Tháp,dong_xuan,208.9,1254.4,1477.87,681.0,81.26,26.37
2017,Đồng Tháp,he_thu-thu_dong,329.4,1952.4,1854.01,2043.9,86.14,27.14
2018,An Giang,dong_xuan,235.0,1727.4,1473.42,300.4,78.03,26.28
2018,An Giang,he_thu-thu_dong,388.0,2199.1,1918.3,1460.2,83.03,27.36
2018,Bạc Liêu,dong_xuan,48.4,356.6,1474.35,436.6,79.2,26.14
2018,Bạc Liêu,he_thu-thu_dong,102.9,596.7,1970.94,1575.9,83.43,27.22
2018,Bến Tre,dong_xuan,13.8,77.4,1490.02,338.1,80.38,26.06
2018,Bến Tre,he_thu-thu_dong,30.0,134.5,1948.11,1679.3,86.29,26.96
2018,Cà Mau,dong_xuan,,,1437.37,495.1,79.15,26.16
2018,Cà Mau,he_thu-thu_dong,36.5,150.6,1896.98,1836.3,83.73,27.19
2018,Cần Thơ,dong_xuan,82.5,590.9,1449.08,436.0,79.85,26.13
2018,Cần Thơ,he_thu-thu_dong,154.8,835.4,1885.7,1452.0,84.23,27.16
2018,Hậu Giang,dong_xuan,78.0,570.0,1440.23,427.0,78.78,26.13
2018,Hậu Giang,he_thu-thu_dong,116.6,676.1,1859.78,1484.4,84.06,27.1
2018,Kiên Giang,dong_xuan,290.0,2051.0,1476.58,377.0,78.32,26.16
2018,Kiên Giang,he_thu-thu_dong,379.8,1950.0,1894.88,1832.7,82.52,27.41
2018,Long An,dong_xuan,235.6,1441.3,1513.18,321.4,78.13,26.21
2018,Long An,he_thu-thu_dong,273.5,1354.4,1943.98,1692.4,84.89,27.05
2018,Sóc Trăng,dong_xuan,193.4,1250.2,1483.97,415.8,79.44,26.04
2018,Sóc Trăng,he_thu-thu_dong,146.4,821.0,1957.66,1535.3,84.25,27.07
2018,Tiền Giang,dong_xuan,68.8,513.2,1503.9,374.6,79.76,26.09
2018,Tiền Giang,he_thu-thu_dong,132.5,741.2,1941.49,1639.5,86.03,26.97
2018,Trà Vinh,dong_xuan,66.4,445.7,1506.86,373.0,79.71,26.13
2018,Trà Vinh,he_thu-thu_dong,155.1,815.0,2019.68,1438.1,84.83,27.08
2018,Vĩnh Long,dong_xuan,56.2,371.8,1477.55,412.8,79.26,26.16
2018,Vĩnh Long,he_thu-thu_dong,105.7,597.7,1918.07,1518.3,84.49,27.11
2018,Đồng Tháp,dong_xuan,205.7,1438.2,1470.31,390.1,79.07,26.28
2018,Đồng Tháp,he_thu-thu_dong,314.7,1892.0,1908.67,1565.8,84.12,27.31
2019,An Giang,dong_xuan,233.7,1659.3,1576.84,272.1,73.62,27.36
2019,An Giang,he_thu-thu_dong,387.8,2241.0,1976.19,1339.3,82.47,27.8
2019,Bạc Liêu,dong_xuan,48.3,360.1,1581.24,349.9,77.88,26.76
2019,Bạc Liêu,he_thu-thu_dong,103.1,605.6,2057.36,1521.2,83.31,27.55
2019,Bến Tre,dong_xuan,12.8,61.7,1557.1,352.6,78.22,26.7
2019,Bến Tre,he_thu-thu_dong,28.0,128.0,2061.72,1400.8,85.47,27.42
2019,Cà Mau,dong_xuan,36.5,196.6,1568.27,466.7,77.38,26.85
2019,Cà Mau,he_thu-thu_dong,36.1,169.0,1936.94,1838.1,83.96,27.47
2019,Cần Thơ,dong_xuan,81.3,565.6,1567.48,332.3,76.64,26.95
2019,Cần Thơ,he_thu-thu_dong,143.8,800.3,1930.78,1479.4,83.9,27.54
2019,Hậu Giang,dong_xuan,78.4,575.4,1572.27,330.8,75.56,26.98
2019,Hậu Giang,he_thu-thu_dong,117.7,683.6,1930.36,1604.7,84.05,27.45
2019,Kiên Giang,dong_xuan,289.1,1989.0,1587.91,352.7,73.74,27.21
2019,Kiên Giang,he_thu-thu_dong,368.9,1983.2,1923.68,1677.8,83.0,27.73
2019,Long An,dong_xuan,232.0,1471.3,1575.76,372.1,75.85,26.89
2019,Long An,he_thu-thu_dong,272.2,1295.9,2034.56,1595.0,84.63,27.49
2019,Sóc Trăng,dong_xuan,198.5,1293.4,1577.32,326.8,77.95,26.66
2019,Sóc Trăng,he_thu-thu_dong,146.3,821.1,2068.56,1594.9,84.21,27.41
2019,Tiền Giang,dong_xuan,64.9,466.6,1570.6,342.0,77.6,26.71
2019,Tiền Giang,he_thu-thu_dong,119.4,656.5,2058.5,1415.8,85.55,27.41
2019,Trà Vinh,dong_xuan,68.6,453.9,1570.45,322.1,78.28,26.71
2019,Trà Vinh,he_thu-thu_dong,153.5,795.0,2106.23,1316.6,84.35,27.47
2019,Vĩnh Long,dong_xuan,55.2,345.7,1579.64,319.5,76.0,26.97
2019,Vĩnh Long,he_thu-thu_dong,100.3,562.6,1987.55,1462.7,84.07,27.54
2019,Đồng Tháp,dong_xuan,205.4,1437.4,1569.92,294.3,74.92,27.29
2019,Đồng Tháp,he_thu-thu_dong,316.2,1912.4,1945.94,1538.6,83.81,27.73
2020,An Giang,dong_xuan,229.4,1645.2,1663.61,159.8,71.45,27.22
2020,An Giang,he_thu-thu_dong,403.0,2348.6,1874.74,1991.9,83.8,27.64
2020,Bạc Liêu,dong_xuan,47.5,364.2,1682.49,118.8,74.42,26.82
2020,Bạc Liêu,he_thu-thu_dong,100.5,585.4,1933.78,2009.6,83.23,27.57
2020,Bến Tre,dong_xuan,5.3,0.2,1648.34,125.6,75.23,26.63
2020,Bến Tre,he_thu-thu_dong,10.7,37.1,1933.09,1966.1,85.88,27.42
2020,Cà Mau,dong_xuan,36.1,208.7,1650.79,199.8,72.81,27.12
2020,Cà Mau,he_thu-thu_dong,35.8,138.8,1769.04,2230.1,83.38,27.56
2020,Cần Thơ,dong_xuan,79.3,572.6,1656.52,116.1,72.68,27.06
2020,Cần Thơ,he_thu-thu_dong,143.7,820.6,1846.64,2092.9,83.39,27.64
2020,Hậu Giang,dong_xuan,77.8,595.9,1647.9,152.7,71.26,27.13
2020,Hậu Giang,he_thu-thu_dong,120.4,698.2,1822.04,2159.3,83.95,27.5
2020,Kiên Giang,dong_xuan,289.8,2122.3,1659.27,178.4,69.76,27.36
2020,Kiên Giang,he_thu-thu_dong,373.4,2084.4,1844.2,2079.1,83.09,27.75
2020,Long An,dong_xuan,227.2,1474.1,1654.61,125.4,73.1,26.78
2020,Long An,he_thu-thu_dong,273.6,1349.4,1930.39,2151.9,85.59,27.4
2020,Sóc Trăng,dong_xuan,183.0,1186.1,1681.22,137.8,74.75,26.61
2020,Sóc Trăng,he_thu-thu_dong,159.0,833.8,1939.61,2162.7,84.16,27.44
2020,Tiền Giang,dong_xuan,57.6,374.0,1659.17,125.7,74.94,26.61
2020,Tiền Giang,he_thu-thu_dong,78.4,427.2,1940.79,1964.1,86.2,27.39
2020,Trà Vinh,dong_xuan,60.5,214.3,1675.12,124.9,74.81,26.67
2020,Trà Vinh,he_thu-thu_dong,142.4,716.7,1948.59,1925.5,84.77,27.45
2020,Vĩnh Long,dong_xuan,52.4,360.3,1660.53,131.6,72.78,26.96
2020,Vĩnh Long,he_thu-thu_dong,93.4,534.8,1880.92,2134.8,84.05,27.59
2020,Đồng Tháp,dong_xuan,200.6,1452.0,1652.69,132.5,73.3,27.06
2020,Đồng Tháp,he_thu-thu_dong,313.6,1922.5,1860.15,2052.3,84.72,27.65
2021,An Giang,dong_xuan,230.39,1771.76,1574.63,294.3,73.78,26.64
2021,An Giang,he_thu-thu_dong,390.03763,2350.78812212,1867.55,1943.2,84.86,27.31
2021,Bạc Liêu,dong_xuan,48.79,377.04,1557.99,281.2,78.16,26.08
2021,Bạc Liêu,he_thu-thu_dong,102.831,609.513,1968.1,1789.0,84.51,27.22
2021,Bến Tre,dong_xuan,11.03,55.92,1562.12,184.4,77.86,26.23
2021,Bến Tre,he_thu-thu_dong,20.52423,95.66247,1964.31,1873.9,87.54,27.01
2021,Cà Mau,dong_xuan,35.72,232.83,1537.06,482.7,77.73,26.16
2021,Cà Mau,he_thu-thu_dong,35.31,171.27,1869.91,1896.9,84.82,27.2
2021,Cần Thơ,dong_xuan,77.19,575.22,1542.51,257.4,76.81,26.32
2021,Cần Thơ,he_thu-thu_dong,145.185,838.94101,1845.84,1804.2,85.89,27.09
2021,Hậu Giang,dong_xuan,77.02,602.16,1546.88,270.2,76.35,26.25
2021,Hậu Giang,he_thu-thu_dong,111.983,672.277,1834.82,1847.4,85.88,27.02
2021,Kiên Giang,dong_xuan,284.41,2166.11,1567.93,381.9,75.1,26.35
2021,Kiên Giang,he_thu-thu_dong,372.896,2084.99,1866.52,2083.5,83.74,27.44
2021,Long An,dong_xuan,225.87,1502.47,1557.41,229.9,75.51,26.36
2021,Long An,he_thu-thu_dong,283.7415,1417.188,1946.61,1984.1,86.58,27.07
2021,Sóc Trăng,dong_xuan,174.28,1183.47,1562.24,257.5,78.8,25.95
2021,Sóc Trăng,he_thu-thu_dong,142.276,818.169,1943.56,2008.9,86.09,26.98
2021,Tiền Giang,dong_xuan,51.65,367.19,1566.17,214.6,77.56,26.2
2021,Tiền Giang,he_thu-thu_dong,80.2013,468.98983,1962.73,1838.2,87.6,27.0
2021,Trà Vinh,dong_xuan,59.73,382.64,1573.56,172.3,78.33,26.14
2021,Trà Vinh,he_thu-thu_dong,147.94271,759.73003,2012.37,1649.7,86.24,27.06
2021,Vĩnh Long,dong_xuan,47.46,335.3,1547.38,210.0,76.2,26.35
2021,Vĩnh Long,he_thu-thu_dong,87.03901,482.55907,1895.25,1947.5,86.27,27.08
2021,Đồng Tháp,dong_xuan,196.06,1435.04,1550.13,278.6,75.85,26.5
2021,Đồng Tháp,he_thu-thu_dong,308.3216,1904.74954,1828.37,2038.2,86.04,27.26
2022,An Giang,dong_xuan,229.8,1685.85,1514.12,535.8,76.1,26.86
2022,An Giang,he_thu-thu_dong,371.0,2242.75368,1814.32,1936.2,85.54,26.82
2022,Bạc Liêu,dong_xuan,48.2,364.92,1506.45,607.1,78.59,26.57
2022,Bạc Liêu,he_thu-thu_dong,99.2,580.91,1899.06,1990.0,84.38,26.87
2022,Bến Tre,dong_xuan,0.8,4.1,1528.54,515.1,79.63,26.56
2022,Bến Tre,he_thu-thu_dong,17.8,86.294,1874.15,2176.9,87.94,26.62
2022,Cà Mau,dong_xuan,35.3,214.49,1462.31,602.7,77.59,26.68
2022,Cà Mau,he_thu-thu_dong,35.2,163.54,1792.99,2159.3,84.45,26.85
2022,Cần Thơ,dong_xuan,76.0,564.01,1494.12,527.9,77.25,26.83
2022,Cần Thơ,he_thu-thu_dong,140.3,802.6577,1761.58,2242.8,86.47,26.64
2022,Hậu Giang,dong_xuan,76.6,596.23,1471.26,580.9,75.66,26.89
2022,Hậu Giang,he_thu-thu_dong,111.7,657.714,1694.02,2325.3,86.62,26.51
2022,Kiên Giang,dong_xuan,283.9,2089.53,1512.42,595.7,75.21,26.88
2022,Kiên Giang,he_thu-thu_dong,348.6,1954.07941,1771.28,2078.2,83.91,27.04
2022,Long An,dong_xuan,225.9,1456.63,1532.03,394.8,77.66,26.63
2022,Long An,he_thu-thu_dong,281.5,1397.903,1858.92,2088.0,87.24,26.61
2022,Sóc Trăng,dong_xuan,182.2,1222.32,1506.78,593.4,78.68,26.52
2022,Sóc Trăng,he_thu-thu_dong,140.0,766.250466,1895.22,2230.5,86.06,26.64
2022,Tiền Giang,dong_xuan,49.2,350.08,1538.44,420.6,79.23,26.52
2022,Tiền Giang,he_thu-thu_dong,85.7,488.41262,1871.63,1914.1,88.04,26.6
2022,Trà Vinh,dong_xuan,63.3,411.48,1537.87,479.4,79.3,26.57
2022,Trà Vinh,he_thu-thu_dong,134.6,640.31367,1943.17,2090.6,86.8,26.63
2022,Vĩnh Long,dong_xuan,46.4,324.84,1519.64,491.9,77.27,26.77
2022,Vĩnh Long,he_thu-thu_dong,66.0,354.86179,1807.9,2262.7,87.07,26.61
2022,Đồng Tháp,dong_xuan,189.3,1384.75,1484.41,546.3,77.08,26.87
2022,Đồng Tháp,he_thu-thu_dong,292.9,1850.17657,1743.15,2160.9,86.57,26.82
2023,An Giang,dong_xuan,227.72,1719.35,1509.51,391.6,74.77,26.43
2023,An Giang,he_thu-thu_dong,384.97934,2334.56675,1951.86,1850.5,83.44,27.65
2023,Bạc Liêu,dong_xuan,43.25,335.69,1468.53,469.0,79.57,25.97
2023,Bạc Liêu,he_thu-thu_dong,101.85168,631.77141,1999.21,1825.4,83.02,27.63
2023,Bến Tre,dong_xuan,1.07,5.66,1502.45,404.7,80.54,25.91
2023,Bến Tre,he_thu-thu_dong,15.96942,83.137,1976.9,2096.3,86.77,27.22
2023,Cà Mau,dong_xuan,35.23,218.7,1427.04,592.9,78.5,26.09
2023,Cà Mau,he_thu-thu_dong,35.24,174.53,1914.32,2228.2,83.27,27.59
2023,Cần Thơ,dong_xuan,75.03,559.75,1447.53,431.0,78.74,26.1
2023,Cần Thơ,he_thu-thu_dong,141.19106,802.44017,1866.33,2029.3,84.41,27.42
2023,Hậu Giang,dong_xuan,75.5,585.36,1435.26,435.6,77.4,26.1
2023,Hậu Giang,he_thu-thu_dong,102.341,601.298,1843.56,2097.3,84.07,27.41
2023,Kiên Giang,dong_xuan,281.04,2159.61,1481.35,408.9,74.67,26.33
2023,Kiên Giang,he_thu-thu_dong,363.3194,2035.77457,1932.13,2114.3,82.12,27.79
2023,Long An,dong_xuan,225.17,1526.56,1513.56,426.6,77.89,26.03
2023,Long An,he_thu-thu_dong,289.8108,1549.02,1986.34,2032.4,85.72,27.31
2023,Sóc Trăng,dong_xuan,174.49,1187.22,1483.49,470.8,79.99,25.92
2023,Sóc Trăng,he_thu-thu_dong,144.99007,834.16205,2007.08,2069.5,84.12,27.42
2023,Tiền Giang,dong_xuan,48.2,336.32,1510.27,425.8,79.5,25.95
2023,Tiền Giang,he_thu-thu_dong,81.18908,454.68559,2000.61,1876.2,86.62,27.23
2023,Trà Vinh,dong_xuan,62.06,378.71,1488.27,408.8,80.77,25.92
2023,Trà Vinh,he_thu-thu_dong,140.16448,726.57196,2013.02,1966.9,85.61,27.25
2023,Vĩnh Long,dong_xuan,39.76,274.0,1479.53,428.7,77.89,26.14
2023,Vĩnh Long,he_thu-thu_dong,72.9389,402.20135,1917.55,2034.4,84.86,27.4
2023,Đồng Tháp,dong_xuan,190.17,1390.06,1481.01,398.1,76.0,26.43
2023,Đồng Tháp,he_thu-thu_dong,308.153,1935.2062,1883.24,2045.2,84.24,27.64
2024,An Giang,dong_xuan,227.75,1695.46,1612.52,214.4,73.67,27.66
2024,An Giang,he_thu-thu_dong,387.32,2359.61,1930.44,1895.2,82.19,28.0
2024,Bạc Liêu,dong_xuan,45.03,349.38,1603.89,272.9,76.38,27.29
2024,Bạc Liêu,he_thu-thu_dong,99.69,623.92,1972.74,1729.5,82.13,27.98
2024,Bến Tre,dong_xuan,0.77,3.92,1623.13,167.2,77.79,27.1
2024,Bến Tre,he_thu-thu_dong,8.83,39.68,1959.75,1984.8,85.62,27.55
2024,Cà Mau,dong_xuan,35.23,217.4,1606.94,295.4,76.04,27.5
2024,Cà Mau,he_thu-thu_dong,35.24,177.01,1888.88,2137.0,82.05,28.02
2024,Cần Thơ,dong_xuan,72.81,545.89,1601.57,234.8,74.63,27.53
2024,Cần Thơ,he_thu-thu_dong,139.8,793.15,1839.93,1913.7,83.24,27.78
2024,Hậu Giang,dong_xuan,74.39,577.36,1590.2,192.7,73.34,27.6
2024,Hậu Giang,he_thu-thu_dong,101.92,595.71,1791.38,2052.4,83.09,27.75
2024,Kiên Giang,dong_xuan,280.39,2173.03,1603.91,258.3,72.23,27.7
2024,Kiên Giang,he_thu-thu_dong,372.87,2141.14,1894.24,2164.5,81.8,28.02
2024,Long An,dong_xuan,235.72,1557.08,1615.88,160.6,75.6,27.23
2024,Long An,he_thu-thu_dong,302.09,1659.32,1975.2,1790.8,84.07,27.7
2024,Sóc Trăng,dong_xuan,181.96,1274.77,1611.74,237.3,76.52,27.14
2024,Sóc Trăng,he_thu-thu_dong,145.69,853.51,1922.54,2055.0,83.31,27.72
2024,Tiền Giang,dong_xuan,44.88,315.03,1621.66,130.3,76.86,27.13
2024,Tiền Giang,he_thu-thu_dong,75.45,431.85,1969.73,1711.2,85.32,27.57
2024,Trà Vinh,dong_xuan,61.74,413.59,1632.13,188.6,77.0,27.14
2024,Trà Vinh,he_thu-thu_dong,140.01,736.1,1973.65,2051.5,84.58,27.53
2024,Vĩnh Long,dong_xuan,38.14,270.17,1621.31,190.9,74.96,27.47
2024,Vĩnh Long,he_thu-thu_dong,71.78,407.77,1890.91,1894.7,83.07,27.82
2024,Đồng Tháp,dong_xuan,188.88,1361.35,1592.39,193.2,74.15,27.69
2024,Đồng Tháp,he_thu-thu_dong,307.05,1969.87,1873.64,2021.2,82.83,28.0
